SampleID,Genotype,Treatment,Time,Batch
WT_Unt_5d_B1,WT,Unt,5d,B1
WT_Unt_5d_B2,WT,Unt,5d,B2
WT_Unt_5d_B3,WT,Unt,5d,B3
WT_Unt_5d_B4,WT,Unt,5d,B4
Mut_Unt_5d_B1,Mut,Unt,5d,B1
Mut_Unt_5d_B2,Mut,Unt,5d,B2
Mut_Unt_5d_B3,Mut,Unt,5d,B3
Mut_Unt_5d_B4,Mut,Unt,5d,B4
WT_Unt_10d_B1,WT,Unt,10d,B1
WT_Unt_10d_B2,WT,Unt,10d,B2
WT_Unt_10d_B3,WT,Unt,10d,B3
WT_Unt_10d_B4,WT,Unt,10d,B4
Mut_Unt_10d_B1,Mut,Unt,10d,B1
Mut_Unt_10d_B2,Mut,Unt,10d,B2
Mut_Unt_10d_B3,Mut,Unt,10d,B3
Mut_Unt_10d_B4,Mut,Unt,10d,B4
WT_Trt_5d_B1,WT,Trt,5d,B1
WT_Trt_5d_B2,WT,Trt,5d,B2
WT_Trt_5d_B3,WT,Trt,5d,B3
WT_Trt_5d_B4,WT,Trt,5d,B4
Mut_Trt_5d_B1,Mut,Trt,5d,B1
Mut_Trt_5d_B2,Mut,Trt,5d,B2
Mut_Trt_5d_B3,Mut,Trt,5d,B3
Mut_Trt_5d_B4,Mut,Trt,5d,B4
WT_Trt_10d_B1,WT,Trt,10d,B1
WT_Trt_10d_B2,WT,Trt,10d,B2
WT_Trt_10d_B3,WT,Trt,10d,B3
WT_Trt_10d_B4,WT,Trt,10d,B4
Mut_Trt_10d_B1,Mut,Trt,10d,B1
Mut_Trt_10d_B2,Mut,Trt,10d,B2
Mut_Trt_10d_B3,Mut,Trt,10d,B3
Mut_Trt_10d_B4,Mut,Trt,10d,B4
